id,address,district,lat,lon,geocode_source,duration_min,window_start,window_end,date,priority,required_skill,required_transport,gigabit,source_file
74198,"Город Москва, пр-кт.Волгоградский, д. 128 к 5",Кузьминки,55.700846,37.7822191,cache,70,20:00,22:00,2026-08-17,Обычная,Работы на подключение и дозаказы,,False,vostok_synthetic.csv
86160,"Город Москва, пер.Маяковского, д. 2",Таганский,55.7397743,37.6599082,cache,70,18:00,20:00,2026-08-17,Обычная,Работы на подключение и дозаказы,,False,vostok_synthetic.csv
50104,"Город Москва, ул.Грайвороновская, д. 10 к 2",Текстильщики,55.7183547,37.7319259,cache,70,18:00,20:00,2026-08-17,Обычная,Работы на подключение и дозаказы,,True,vostok_synthetic.csv
46393,"Город Москва, ул.Михайлова, д. 14",Рязанский,55.7270299,37.7659603,cache,70,20:00,22:00,2026-08-17,Обычная,Работы на подключение и дозаказы,,False,vostok_synthetic.csv
10135,"Город Москва, ул.3-я Институтская, д. 5 к 2",Рязанский,55.715,37.785,fallback:Рязанский,70,18:00,20:00,2026-08-17,Обычная,Работы на подключение и дозаказы,,False,vostok_synthetic.csv
18754,"Город Москва, ул.1-я Новокузьминская, д. 16 к 1",Рязанский,55.715,37.785,fallback:Рязанский,70,18:00,20:00,2026-08-17,Обычная,Работы на подключение и дозаказы,,False,vostok_synthetic.csv
84627,"Город Москва, ул.Окская, д. 32",Кузьминки,55.7144711,37.7695221,cache,70,20:00,22:00,2026-08-17,Обычная,Работы на подключение и дозаказы,,False,vostok_synthetic.csv
61540,"Город Москва, ул.Юных Ленинцев, д. 84",Кузьминки,55.6981178,37.7786035,cache,70,16:00,18:00,2026-08-17,Обычная,Работы на подключение и дозаказы,,False,vostok_synthetic.csv
74949,"Город Москва, ул.Международная, д. 28 стр. 1",Таганский,55.7431752,37.6878434,cache,70,10:00,12:00,2026-08-17,Обычная,Работы на подключение и дозаказы,,False,vostok_synthetic.csv
41077,"Город Москва, ул.Новорогожская, д. 8",Таганский,55.740895,37.6845796,cache,70,12:00,14:00,2026-08-17,Обычная,Работы на подключение и дозаказы,,False,vostok_synthetic.csv
87693,"Город Москва, ул.Чистова, д. 12",Текстильщики,55.696506,37.741942,cache,70,16:00,18:00,2026-08-17,Обычная,Работы на подключение и дозаказы,,False,vostok_synthetic.csv
93086,"Город Москва, ул.Паперника, д. 19",Рязанский,55.7217574,37.7907198,cache,70,12:00,14:00,2026-08-17,Обычная,Работы на подключение и дозаказы,,False,vostok_synthetic.csv
57866,"Город Москва, ул.Окская, д. 48/2",Рязанский,55.7176399,37.7794008,cache,70,14:00,16:00,2026-08-17,Обычная,Работы на подключение и дозаказы,,False,vostok_synthetic.csv
35675,"Город Москва, ул.Трофимова, д. 24 к 2",Южнопортовый,55.7020048,37.6768493,cache,70,16:00,18:00,2026-08-17,Обычная,Работы на подключение и дозаказы,,False,vostok_synthetic.csv
82388,"Город Москва, ул.1-я Дубровская, д. 6",Южнопортовый,55.715,37.67,fallback:Южнопортовый,70,14:00,16:00,2026-08-17,Обычная,Работы на подключение и дозаказы,,False,vostok_synthetic.csv
23380,"Город Москва, ул.Рогожский Вал, д. 2/50",Таганский,55.7456189,37.6777676,cache,70,12:00,14:00,2026-08-17,Обычная,Работы на подключение и дозаказы,,False,vostok_synthetic.csv
37272,"Город Москва, ул.Талалихина, д. 2/1 к 4",Таганский,55.7369925,37.6733454,cache,70,10:00,12:00,2026-08-17,Обычная,Работы на подключение и дозаказы,,False,vostok_synthetic.csv
71388,"Город Москва, ул.Артюхиной, д. 20А",Текстильщики,55.6972845,37.7365767,cache,70,14:00,16:00,2026-08-17,Обычная,Работы на подключение и дозаказы,,False,vostok_synthetic.csv
34366,"Город Москва, ул.Малышева, д. 13",Текстильщики,55.6980379,37.7438382,cache,70,10:00,12:00,2026-08-17,Обычная,Работы на подключение и дозаказы,,False,vostok_synthetic.csv
67554,"Город Москва, ул.Бронницкая, д. 12",Нижегородский,55.7314152,37.759554,cache,70,12:00,14:00,2026-08-17,Обычная,Работы на подключение и дозаказы,,False,vostok_synthetic.csv
94409,"Город Москва, ул.Авиамоторная, д. 14",Лефортово,55.7430464,37.729642,cache,70,12:00,14:00,2026-08-17,Обычная,Работы на подключение и дозаказы,,False,vostok_synthetic.csv
10245,"Город Москва, ул.Фёдора Полетаева, д. 2 к 6",Кузьминки,55.7136559,37.7719481,cache,70,12:00,14:00,2026-08-17,Обычная,Работы на подключение и дозаказы,,False,vostok_synthetic.csv
52405,"Город Москва, ул.Зарайская, д. 51 к 2",Рязанский,55.7279678,37.7772242,cache,70,10:00,12:00,2026-08-17,Обычная,Работы на подключение и дозаказы,,False,vostok_synthetic.csv
30769,"Город Москва, ул.Саратовская, д. 14/1",Текстильщики,55.7145577,37.7378743,cache,70,14:00,16:00,2026-08-17,Обычная,Работы на подключение и дозаказы,,False,vostok_synthetic.csv
98182,"Город Москва, ул.Нижегородская, д. 63",Нижегородский,55.7324552,37.7186987,cache,70,10:00,12:00,2026-08-17,Обычная,Работы на подключение и дозаказы,,False,vostok_synthetic.csv
76082,"Город Москва, ул.Смирновская, д. 6",Нижегородский,55.7367411,37.7085631,cache,70,12:00,14:00,2026-08-17,Обычная,Работы на подключение и дозаказы,,False,vostok_synthetic.csv
29890,"Город Москва, ул.Нижегородская, д. 61",Нижегородский,55.732503,37.7178025,cache,70,12:00,14:00,2026-08-17,Обычная,Работы на подключение и дозаказы,,False,vostok_synthetic.csv
77563,"Город Москва, ул.Зеленодольская, д. 28Б",Кузьминки,55.705,37.755,fallback:Кузьминки,70,10:00,12:00,2026-08-17,Обычная,Работы на подключение и дозаказы,,False,vostok_synthetic.csv
53587,"Город Москва, ул.Артюхиной, д. 16",Текстильщики,55.6984967,37.7377998,cache,70,12:00,14:00,2026-08-17,Обычная,Работы на подключение и дозаказы,,False,vostok_synthetic.csv
82808,"Город Москва, ул.3-я Карачаровская, д. 4 к 1",Нижегородский,55.728,37.728,fallback:Нижегородский,70,14:00,16:00,2026-08-17,Обычная,Работы на подключение и дозаказы,,False,vostok_synthetic.csv
7939,"Город Москва, пр-кт.Рязанский, д. 73",Рязанский,55.7184554,37.7902547,cache,70,12:00,14:00,2026-08-17,Обычная,Работы на подключение и дозаказы,,False,vostok_synthetic.csv
92031,"Город Москва, ул.Ферганская, д. 28/7",Выхино,55.7010782,37.8250104,cache,20,18:00,20:00,2026-08-17,Обычная,Работы на подключение и дозаказы,,False,vostok_synthetic.csv
31260,"Город Москва, б-р.Самаркандский Квартал 137а, д. к5",Выхино,55.7000662,37.8193568,cache,20,20:00,22:00,2026-08-17,Обычная,Работы на подключение и дозаказы,,False,vostok_synthetic.csv
69967,"Город Москва, ул.Боровая, д. 14",Лефортово,55.7693914,37.7156999,cache,20,10:00,12:00,2026-08-17,Обычная,Работы на подключение и дозаказы,,True,vostok_synthetic.csv
22634,"Город Москва, ул.Стройковская, д. 8",Таганский,55.7347571,37.6737801,cache,20,14:00,16:00,2026-08-17,Обычная,Работы на подключение и дозаказы,,False,vostok_synthetic.csv
98815,"Город Москва, ул.2-я Синичкина, д. 9 к 1",Лефортово,55.757,37.705,fallback:Лефортово,20,18:00,20:00,2026-08-17,Обычная,Работы на подключение и дозаказы,,False,vostok_synthetic.csv
33527,"Москва, проезд Орехово-Зуевский, д. 18/8",Нижегородский,55.7311522,37.7534715,cache,20,10:00,12:00,2026-08-17,Обычная,Работы на подключение и дозаказы,,False,vostok_synthetic.csv
21571,"Город Москва, пер.Большой Рогожский, д. 10 к 2",Таганский,55.7420001,37.6676447,cache,30,18:00,20:00,2026-08-17,Обычная,Локальные работы,,False,vostok_synthetic.csv
47670,"Город Москва, ул.Машкова, д. 13 стр. 1",Басманный,55.7624148,37.6489953,cache,30,20:00,22:00,2026-08-17,Обычная,Локальные работы,,False,vostok_synthetic.csv
17892,"Город Москва, ул.11-я Текстильщиков, д. 10",Текстильщики,55.7075,37.7182,fallback:Текстильщики,30,18:00,20:00,2026-08-17,Обычная,Локальные работы,,False,vostok_synthetic.csv
51115,"Город Москва, ул.Паперника, д. 18",Рязанский,55.7213231,37.7935117,cache,30,18:00,20:00,2026-08-17,Обычная,Локальные работы,,False,vostok_synthetic.csv
76643,"Город Москва, ул.Большая Калитниковская, д. 38",Таганский,55.7361675,37.6862063,cache,30,18:00,20:00,2026-08-17,Обычная,Локальные работы,,False,vostok_synthetic.csv
43506,"Город Москва, б-р.Самаркандский Квартал 137а, д. к5",Выхино,55.7000662,37.8193568,cache,30,20:00,22:00,2026-08-17,Обычная,Локальные работы,,False,vostok_synthetic.csv
48174,"Город Москва, ул.Маршала Чуйкова, д. 9 к 2",Кузьминки,55.6971444,37.7620114,cache,30,18:00,20:00,2026-08-17,Обычная,Локальные работы,,False,vostok_synthetic.csv
48227,"Город Москва, ул.Талалихина, д. 16",Таганский,55.74,37.66,fallback:Таганский,30,12:00,14:00,2026-08-17,Обычная,Локальные работы,,False,vostok_synthetic.csv
60720,"Город Москва, б-р.Волжский, д. 50 к 2",Текстильщики,55.6965373,37.7522297,cache,30,12:00,14:00,2026-08-17,Обычная,Локальные работы,,False,vostok_synthetic.csv
48238,"Город Москва, ул.Артюхиной, д. 3",Текстильщики,55.7029289,37.7378149,cache,30,14:00,16:00,2026-08-17,Обычная,Локальные работы,,False,vostok_synthetic.csv
41912,"Город Москва, проезд.Ферганский, д. 7 к 5",Выхино,55.6940635,37.8248567,cache,30,12:00,14:00,2026-08-17,Обычная,Локальные работы,,False,vostok_synthetic.csv
4893,"Город Москва, ул.Земляной Вал, д. 24/30 стр. 1",Басманный,55.7586892,37.6571501,cache,30,12:00,14:00,2026-08-17,Обычная,Локальные работы,,False,vostok_synthetic.csv
68476,"Город Москва, ул.3-я Карачаровская, д. 8 к 2",Нижегородский,55.728,37.728,fallback:Нижегородский,30,10:00,12:00,2026-08-17,Обычная,Локальные работы,,False,vostok_synthetic.csv
50219,"Город Москва, ул.Чистопольская, д. 2 к 2",Нижегородский,55.7306095,37.758355,cache,30,10:00,12:00,2026-08-17,Обычная,Локальные работы,,False,vostok_synthetic.csv
76678,"Город Москва, ул.Боровая, д. 12",Лефортово,55.770292,37.7147651,cache,30,10:00,12:00,2026-08-17,Обычная,Локальные работы,,False,vostok_synthetic.csv
47330,"Город Москва, ул.Красноказарменная, д. 9Б стр. 1",Лефортово,55.757,37.705,fallback:Лефортово,30,14:00,16:00,2026-08-17,Обычная,Локальные работы,,False,vostok_synthetic.csv
26645,"Город Москва, ул.Сторожевая, д. 31",Лефортово,55.7647986,37.7168314,cache,30,16:00,18:00,2026-08-17,Обычная,Локальные работы,,False,vostok_synthetic.csv
24076,"Город Москва, ул.Новорогожская, д. 10",Таганский,55.740048,37.6832489,cache,30,12:00,14:00,2026-08-17,Обычная,Локальные работы,,False,vostok_synthetic.csv
30243,"Город Москва, ул.Нижегородская, д. 25",Таганский,55.7374783,37.6944616,cache,30,18:00,20:00,2026-08-17,Обычная,Локальные работы,,False,vostok_synthetic.csv
32807,"Город Москва, ул.Окская, д. 6 к 1",Кузьминки,55.710308,37.7514109,cache,30,10:00,12:00,2026-08-17,Обычная,Локальные работы,,False,vostok_synthetic.csv
73572,"Город Москва, пр-кт.Волгоградский, д. 97 к 1",Кузьминки,55.7078213,37.7518635,cache,30,14:00,16:00,2026-08-17,Обычная,Локальные работы,,False,vostok_synthetic.csv
41962,"г.Город Москва, б-р.Самаркандский, д. 32к1",Выхино,55.71,37.81,fallback:Выхино,80,16:00,18:00,2026-08-17,Срочная,Аварийные работы,,False,vostok_synthetic.csv
97886,"г.Город Москва, б-р.Самаркандский, д. 10к2",Выхино,55.71,37.81,fallback:Выхино,80,16:00,18:00,2026-08-17,Срочная,Аварийные работы,,False,vostok_synthetic.csv
17349,"г.Город Москва, ул.Новорогожская, д. 20",Таганский,55.74,37.66,fallback:Таганский,80,14:00,16:00,2026-08-17,Срочная,Аварийные работы,,False,vostok_synthetic.csv
54964,"г.Город Москва, ул.Ташкентская, д. 16к2",Выхино,55.71,37.81,fallback:Выхино,80,10:00,12:00,2026-08-17,Срочная,Аварийные работы,,False,vostok_synthetic.csv
21367,"г.Город Москва, ул.Саратовская, д. 16",Текстильщики,55.7075,37.7182,fallback:Текстильщики,80,20:00,22:00,2026-08-17,Срочная,Аварийные работы,,False,vostok_synthetic.csv
24980,"г.Город Москва, наб.Семеновская, д. 3/1к2",Басманный,55.7676,37.6641,fallback:Басманный,80,10:00,12:00,2026-08-17,Срочная,Аварийные работы,,False,vostok_synthetic.csv
15648,"г.Город Москва, наб.Семеновская, д. 2/1",Басманный,55.7676,37.6641,fallback:Басманный,80,16:00,18:00,2026-08-17,Срочная,Аварийные работы,,False,vostok_synthetic.csv
57299,"г.Город Москва, пр-кт.Волгоградский, д. 128к1",Кузьминки,55.705,37.755,fallback:Кузьминки,80,20:00,22:00,2026-08-17,Срочная,Аварийные работы,,False,vostok_synthetic.csv
90001,"Город Москва, ул.Зеленодольская, д. 41",Кузьминки,55.7027927,37.7689191,cache,70,10:00,12:00,2026-08-17,Обычная,Работы на подключение и дозаказы,,True,vostok_synthetic.csv
90002,"Город Москва, ул.1-я Курьяновская, д. 5",Текстильщики,55.7075,37.7182,fallback:Текстильщики,70,12:00,14:00,2026-08-17,Обычная,Работы на подключение и дозаказы,,False,vostok_synthetic.csv
90003,"Город Москва, ул.Народная, д. 8",Таганский,55.7386688,37.6511524,cache,30,14:00,16:00,2026-08-17,Обычная,Локальные работы,,False,vostok_synthetic.csv
90004,"Город Москва, Есенинский б-р, д. 3",Рязанский,55.7057854,37.7810524,cache,70,16:00,18:00,2026-08-17,Обычная,Работы на подключение и дозаказы,,True,vostok_synthetic.csv
90005,"Город Москва, Хвалынский б-р, д. 6",Выхино,55.6973373,37.8494301,cache,20,10:00,12:00,2026-08-17,Обычная,Работы на подключение и дозаказы,,False,vostok_synthetic.csv
90006,"Город Москва, пр-зд.Танковый, д. 4",Лефортово,55.7556413,37.6869472,cache,30,12:00,14:00,2026-08-17,Обычная,Локальные работы,,False,vostok_synthetic.csv
90007,"Город Москва, ул.Старая Басманная, д. 15",Басманный,55.7670224,37.6604103,cache,70,18:00,20:00,2026-08-17,Обычная,Работы на подключение и дозаказы,,True,vostok_synthetic.csv
90008,"Город Москва, ул.Трофимова, д. 9",Южнопортовый,55.7037129,37.6669837,cache,30,14:00,16:00,2026-08-17,Обычная,Локальные работы,,False,vostok_synthetic.csv
90009,"Город Москва, ул.Юных Ленинцев, д. 30",Кузьминки,55.7003903,37.7543456,cache,70,16:00,18:00,2026-08-17,Обычная,Работы на подключение и дозаказы,,False,vostok_synthetic.csv
90010,"Город Москва, Рязанский пр-кт, д. 22",Нижегородский,55.7216433,37.7717788,cache,20,12:00,14:00,2026-08-17,Обычная,Работы на подключение и дозаказы,,False,vostok_synthetic.csv
90011,"Город Москва, ул.Верхняя Радищевская, д. 5",Таганский,55.7448428,37.6491171,cache,30,18:00,20:00,2026-08-17,Обычная,Локальные работы,,False,vostok_synthetic.csv
90012,"Город Москва, ул.Ферганская, д. 10",Выхино,55.7080012,37.8077115,cache,70,10:00,12:00,2026-08-17,Обычная,Работы на подключение и дозаказы,,True,vostok_synthetic.csv
90013,"Город Москва, Рязанский пр-кт, д. 45",Рязанский,55.7265765,37.7607699,cache,80,08:00,10:00,2026-08-17,Срочная,Аварийные работы,,False,vostok_synthetic.csv
90014,"Город Москва, ул.Нижегородская, д. 15",Нижегородский,55.7334484,37.7147439,nominatim,80,21:10,21:50,2026-08-17,Срочная,Аварийные работы,,False,vostok_synthetic.csv
90015,"Город Москва, ул.Шарикоподшипниковская, д. 12",Южнопортовый,55.7195564,37.6738318,nominatim,80,21:30,22:00,2026-08-17,Срочная,Аварийные работы,,False,vostok_synthetic.csv
